<?xml version="1.0" encoding="UTF-8"?>
<project-private xmlns="http://www.netbeans.org/ns/project-private/1">
    <editor-bookmarks xmlns="http://www.netbeans.org/ns/editor-bookmarks/2" lastBookmarkId="0"/>
    <open-files xmlns="http://www.netbeans.org/ns/projectui-open-files/2">
        <group>
            <file>file:/D:/vikram%20TY/JSP--main/insert_jsp/web/index.html</file>
            <file>file:/D:/vikram%20TY/JSP--main/insert_jsp/web/update.jsp</file>
            <file>file:/D:/vikram%20TY/JSP--main/insert_jsp/web/delete.jsp</file>
            <file>file:/D:/vikram%20TY/JSP--main/insert_jsp/web/insert.jsp</file>
            <file>file:/D:/vikram%20TY/JSP--main/insert_jsp/web/select.jsp</file>
            <file>file:/D:/vikram%20TY/JSP--main/insert_jsp/web/META-INF/context.xml</file>
        </group>
    </open-files>
</project-private>
